--
-- Database: CompanyDB
--

SET SQL_MODE = "NO_AUTO_VALUE_ON_ZERO";
SET time_zone = "+00:00";


/*!40101 SET @OLD_CHARACTER_SET_CLIENT=@@CHARACTER_SET_CLIENT */;
/*!40101 SET @OLD_CHARACTER_SET_RESULTS=@@CHARACTER_SET_RESULTS */;
/*!40101 SET @OLD_COLLATION_CONNECTION=@@COLLATION_CONNECTION */;
/*!40101 SET NAMES utf8 */;

-- Create admin and set password
drop user if exists 'adminDB'@'localhost';
create user 'adminDB'@'localhost' identified WITH mysql_native_password by 'hello';
-- drop & create database
drop database if exists `CompanyDB`;
CREATE DATABASE `CompanyDB` /*!40100 DEFAULT CHARACTER SET utf8mb4
    COLLATE utf8mb4_0900_ai_ci */;
-- set privileges for db admin
GRANT all privileges ON CompanyDB.* TO 'adminDB'@'localhost';

-- set default db
use CompanyDB;

-- --------------------------------------------------------


drop table if exists departments;
drop table if exists employees;
drop table if exists jobs;
drop table if exists locations;

create table if not exists departments
(
    DEPARTMENT_ID   decimal(4) default 0 not null,
    DEPARTMENT_NAME varchar(30)          not null,
    MANAGER_ID      decimal(6)           null,
    LOCATION_ID     decimal(4)           null,
    primary key (DEPARTMENT_ID)
)
    engine = MyISAM
    charset = latin1;

create index DEPT_LOCATION_IX
    on departments (LOCATION_ID);

create index DEPT_MGR_FK
    on departments (MANAGER_ID);

create table if not exists employees
(
    EMPLOYEE_ID   decimal(6) default 0 not null,
    FIRST_NAME    varchar(20)          null,
    LAST_NAME     varchar(25)          not null,
    EMAIL         varchar(25)          not null,
    PHONE_NUMBER  varchar(20)          null,
    HIRE_DATE     date                 not null,
    JOB_ID        varchar(10)          not null,
    SALARY        decimal(8, 2)        null,
    MANAGER_ID    decimal(6)           null,
    DEPARTMENT_ID decimal(4)           null,
    primary key (EMPLOYEE_ID),
    constraint EMP_EMAIL_UK
        unique (EMAIL)
)
    engine = MyISAM
    charset = latin1;

create index EMP_DEPARTMENT_IX
    on employees (DEPARTMENT_ID);

create index EMP_JOB_IX
    on employees (JOB_ID);

create index EMP_MANAGER_IX
    on employees (MANAGER_ID);

create index EMP_NAME_IX
    on employees (LAST_NAME, FIRST_NAME);

create table if not exists jobs
(
    JOB_ID     varchar(10) default '' not null,
    JOB_TITLE  varchar(35)            not null,
    MIN_SALARY decimal(6)             null,
    MAX_SALARY decimal(6)             null,
    primary key (JOB_ID)
)
    engine = MyISAM
    charset = latin1;

create table if not exists locations
(
    LOCATION_ID    decimal(4) default 0 not null,
    STREET_ADDRESS varchar(40)          null,
    POSTAL_CODE    varchar(12)          null,
    CITY           varchar(30)          not null,
    STATE_PROVINCE varchar(25)          null,
    COUNTRY_ID     varchar(2)           null,
    primary key (LOCATION_ID)
)
    engine = MyISAM
    charset = latin1;

create index LOC_CITY_IX
    on locations (CITY);

create index LOC_COUNTRY_IX
    on locations (COUNTRY_ID);

create index LOC_STATE_PROVINCE_IX
    on locations (STATE_PROVINCE);

INSERT INTO departments (DEPARTMENT_ID, DEPARTMENT_NAME, MANAGER_ID, LOCATION_ID) VALUES (10, 'Administration', 200, 1700);
INSERT INTO departments (DEPARTMENT_ID, DEPARTMENT_NAME, MANAGER_ID, LOCATION_ID) VALUES (20, 'Marketing', 201, 1800);
INSERT INTO departments (DEPARTMENT_ID, DEPARTMENT_NAME, MANAGER_ID, LOCATION_ID) VALUES (30, 'Purchasing', 114, 1700);
INSERT INTO departments (DEPARTMENT_ID, DEPARTMENT_NAME, MANAGER_ID, LOCATION_ID) VALUES (40, 'Human Resources', 203, 2400);
INSERT INTO departments (DEPARTMENT_ID, DEPARTMENT_NAME, MANAGER_ID, LOCATION_ID) VALUES (50, 'Shipping', 121, 1500);
INSERT INTO departments (DEPARTMENT_ID, DEPARTMENT_NAME, MANAGER_ID, LOCATION_ID) VALUES (60, 'IT', 103, 1400);
INSERT INTO departments (DEPARTMENT_ID, DEPARTMENT_NAME, MANAGER_ID, LOCATION_ID) VALUES (70, 'Public Relations', 204, 2700);
INSERT INTO departments (DEPARTMENT_ID, DEPARTMENT_NAME, MANAGER_ID, LOCATION_ID) VALUES (80, 'Sales', 145, 2500);
INSERT INTO departments (DEPARTMENT_ID, DEPARTMENT_NAME, MANAGER_ID, LOCATION_ID) VALUES (90, 'Executive', 100, 1700);
INSERT INTO departments (DEPARTMENT_ID, DEPARTMENT_NAME, MANAGER_ID, LOCATION_ID) VALUES (100, 'Finance', 108, 1700);
INSERT INTO departments (DEPARTMENT_ID, DEPARTMENT_NAME, MANAGER_ID, LOCATION_ID) VALUES (110, 'Accounting', 205, 1700);
INSERT INTO departments (DEPARTMENT_ID, DEPARTMENT_NAME, MANAGER_ID, LOCATION_ID) VALUES (120, 'Treasury', 0, 1700);
INSERT INTO departments (DEPARTMENT_ID, DEPARTMENT_NAME, MANAGER_ID, LOCATION_ID) VALUES (130, 'Corporate Tax', 0, 1700);
INSERT INTO departments (DEPARTMENT_ID, DEPARTMENT_NAME, MANAGER_ID, LOCATION_ID) VALUES (140, 'Control And Credit', 0, 1700);
INSERT INTO departments (DEPARTMENT_ID, DEPARTMENT_NAME, MANAGER_ID, LOCATION_ID) VALUES (150, 'Shareholder Services', 0, 1700);
INSERT INTO departments (DEPARTMENT_ID, DEPARTMENT_NAME, MANAGER_ID, LOCATION_ID) VALUES (160, 'Benefits', 0, 1700);
INSERT INTO departments (DEPARTMENT_ID, DEPARTMENT_NAME, MANAGER_ID, LOCATION_ID) VALUES (170, 'Manufacturing', 0, 1700);
INSERT INTO departments (DEPARTMENT_ID, DEPARTMENT_NAME, MANAGER_ID, LOCATION_ID) VALUES (180, 'Construction', 0, 1700);
INSERT INTO departments (DEPARTMENT_ID, DEPARTMENT_NAME, MANAGER_ID, LOCATION_ID) VALUES (190, 'Contracting', 0, 1700);
INSERT INTO departments (DEPARTMENT_ID, DEPARTMENT_NAME, MANAGER_ID, LOCATION_ID) VALUES (200, 'Operations', 0, 1700);
INSERT INTO departments (DEPARTMENT_ID, DEPARTMENT_NAME, MANAGER_ID, LOCATION_ID) VALUES (210, 'IT Support', 0, 1700);
INSERT INTO departments (DEPARTMENT_ID, DEPARTMENT_NAME, MANAGER_ID, LOCATION_ID) VALUES (220, 'NOC', 0, 1700);
INSERT INTO departments (DEPARTMENT_ID, DEPARTMENT_NAME, MANAGER_ID, LOCATION_ID) VALUES (230, 'IT Helpdesk', 0, 1700);
INSERT INTO departments (DEPARTMENT_ID, DEPARTMENT_NAME, MANAGER_ID, LOCATION_ID) VALUES (240, 'Government Sales', 0, 1700);
INSERT INTO departments (DEPARTMENT_ID, DEPARTMENT_NAME, MANAGER_ID, LOCATION_ID) VALUES (250, 'Retail Sales', 0, 1700);
INSERT INTO departments (DEPARTMENT_ID, DEPARTMENT_NAME, MANAGER_ID, LOCATION_ID) VALUES (260, 'Recruiting', 0, 1700);
INSERT INTO departments (DEPARTMENT_ID, DEPARTMENT_NAME, MANAGER_ID, LOCATION_ID) VALUES (270, 'Payroll', 0, 1700);
INSERT INTO employees (EMPLOYEE_ID, FIRST_NAME, LAST_NAME, EMAIL, PHONE_NUMBER, HIRE_DATE, JOB_ID, SALARY, MANAGER_ID, DEPARTMENT_ID) VALUES (100, 'Steven', 'King', 'SKING', '044.123.4567', '2015-06-17', 'AD_PRES', 24000.00, 0, 90);
INSERT INTO employees (EMPLOYEE_ID, FIRST_NAME, LAST_NAME, EMAIL, PHONE_NUMBER, HIRE_DATE, JOB_ID, SALARY, MANAGER_ID, DEPARTMENT_ID) VALUES (101, 'Neena', 'Kochhar', 'NKOCHHAR', '044.123.4568', '2015-06-18', 'AD_VP', 17000.00, 100, 90);
INSERT INTO employees (EMPLOYEE_ID, FIRST_NAME, LAST_NAME, EMAIL, PHONE_NUMBER, HIRE_DATE, JOB_ID, SALARY, MANAGER_ID, DEPARTMENT_ID) VALUES (102, 'Lex', 'De Haan', 'LDEHAAN', '044.123.4569', '2015-06-19', 'AD_VP', 17000.00, 100, 90);
INSERT INTO employees (EMPLOYEE_ID, FIRST_NAME, LAST_NAME, EMAIL, PHONE_NUMBER, HIRE_DATE, JOB_ID, SALARY, MANAGER_ID, DEPARTMENT_ID) VALUES (103, 'Alexander', 'Hunold', 'AHUNOLD', '071.423.4567', '2015-06-20', 'IT_PROG', 9000.00, 102, 60);
INSERT INTO employees (EMPLOYEE_ID, FIRST_NAME, LAST_NAME, EMAIL, PHONE_NUMBER, HIRE_DATE, JOB_ID, SALARY, MANAGER_ID, DEPARTMENT_ID) VALUES (104, 'Bruce', 'Ernst', 'BERNST', '071.423.4568', '2015-06-21', 'IT_PROG', 6000.00, 103, 60);
INSERT INTO employees (EMPLOYEE_ID, FIRST_NAME, LAST_NAME, EMAIL, PHONE_NUMBER, HIRE_DATE, JOB_ID, SALARY, MANAGER_ID, DEPARTMENT_ID) VALUES (105, 'David', 'Austin', 'DAUSTIN', '071.423.4569', '2015-06-22', 'IT_PROG', 4800.00, 103, 60);
INSERT INTO employees (EMPLOYEE_ID, FIRST_NAME, LAST_NAME, EMAIL, PHONE_NUMBER, HIRE_DATE, JOB_ID, SALARY, MANAGER_ID, DEPARTMENT_ID) VALUES (106, 'Valli', 'Pataballa', 'VPATABAL', '071.423.4560', '2015-06-23', 'IT_PROG', 4800.00, 103, 60);
INSERT INTO employees (EMPLOYEE_ID, FIRST_NAME, LAST_NAME, EMAIL, PHONE_NUMBER, HIRE_DATE, JOB_ID, SALARY, MANAGER_ID, DEPARTMENT_ID) VALUES (107, 'Diana', 'Lorentz', 'DLORENTZ', '071.423.5567', '2015-06-24', 'IT_PROG', 4200.00, 103, 60);
INSERT INTO employees (EMPLOYEE_ID, FIRST_NAME, LAST_NAME, EMAIL, PHONE_NUMBER, HIRE_DATE, JOB_ID, SALARY, MANAGER_ID, DEPARTMENT_ID) VALUES (108, 'Nancy', 'Greenberg', 'NGREENBE', '044.124.4569', '2015-06-25', 'FI_MGR', 12000.00, 101, 100);
INSERT INTO employees (EMPLOYEE_ID, FIRST_NAME, LAST_NAME, EMAIL, PHONE_NUMBER, HIRE_DATE, JOB_ID, SALARY, MANAGER_ID, DEPARTMENT_ID) VALUES (109, 'Daniel', 'Faviet', 'DFAVIET', '044.124.4169', '2015-06-26', 'FI_ACCOUNT', 9000.00, 108, 100);
INSERT INTO employees (EMPLOYEE_ID, FIRST_NAME, LAST_NAME, EMAIL, PHONE_NUMBER, HIRE_DATE, JOB_ID, SALARY, MANAGER_ID, DEPARTMENT_ID) VALUES (110, 'John', 'Chen', 'JCHEN', '044.124.4269', '2015-06-27', 'FI_ACCOUNT', 8200.00, 108, 100);
INSERT INTO employees (EMPLOYEE_ID, FIRST_NAME, LAST_NAME, EMAIL, PHONE_NUMBER, HIRE_DATE, JOB_ID, SALARY, MANAGER_ID, DEPARTMENT_ID) VALUES (111, 'Ismael', 'Sciarra', 'ISCIARRA', '044.124.4369', '2015-06-28', 'FI_ACCOUNT', 7700.00, 108, 100);
INSERT INTO employees (EMPLOYEE_ID, FIRST_NAME, LAST_NAME, EMAIL, PHONE_NUMBER, HIRE_DATE, JOB_ID, SALARY, MANAGER_ID, DEPARTMENT_ID) VALUES (112, 'Jose Manuel', 'Urman', 'JMURMAN', '044.124.4469', '2015-06-29', 'FI_ACCOUNT', 7800.00, 108, 100);
INSERT INTO employees (EMPLOYEE_ID, FIRST_NAME, LAST_NAME, EMAIL, PHONE_NUMBER, HIRE_DATE, JOB_ID, SALARY, MANAGER_ID, DEPARTMENT_ID) VALUES (113, 'Luis', 'Popp', 'LPOPP', '044.124.4567', '2015-06-30', 'FI_ACCOUNT', 6900.00, 108, 100);
INSERT INTO employees (EMPLOYEE_ID, FIRST_NAME, LAST_NAME, EMAIL, PHONE_NUMBER, HIRE_DATE, JOB_ID, SALARY, MANAGER_ID, DEPARTMENT_ID) VALUES (114, 'Den', 'Raphaely', 'DRAPHEAL', '044.127.4561', '2015-07-01', 'PU_MAN', 11000.00, 100, 30);
INSERT INTO employees (EMPLOYEE_ID, FIRST_NAME, LAST_NAME, EMAIL, PHONE_NUMBER, HIRE_DATE, JOB_ID, SALARY, MANAGER_ID, DEPARTMENT_ID) VALUES (115, 'Alexander', 'Khoo', 'AKHOO', '044.127.4562', '2015-07-02', 'PU_CLERK', 3100.00, 114, 30);
INSERT INTO employees (EMPLOYEE_ID, FIRST_NAME, LAST_NAME, EMAIL, PHONE_NUMBER, HIRE_DATE, JOB_ID, SALARY, MANAGER_ID, DEPARTMENT_ID) VALUES (116, 'Shelli', 'Baida', 'SBAIDA', '044.127.4563', '2015-07-03', 'PU_CLERK', 2900.00, 114, 30);
INSERT INTO employees (EMPLOYEE_ID, FIRST_NAME, LAST_NAME, EMAIL, PHONE_NUMBER, HIRE_DATE, JOB_ID, SALARY, MANAGER_ID, DEPARTMENT_ID) VALUES (117, 'Sigal', 'Tobias', 'STOBIAS', '044.127.4564', '2015-07-04', 'PU_CLERK', 2800.00, 114, 30);
INSERT INTO employees (EMPLOYEE_ID, FIRST_NAME, LAST_NAME, EMAIL, PHONE_NUMBER, HIRE_DATE, JOB_ID, SALARY, MANAGER_ID, DEPARTMENT_ID) VALUES (118, 'Guy', 'Himuro', 'GHIMURO', '044.127.4565', '2015-07-05', 'PU_CLERK', 2600.00, 114, 30);
INSERT INTO employees (EMPLOYEE_ID, FIRST_NAME, LAST_NAME, EMAIL, PHONE_NUMBER, HIRE_DATE, JOB_ID, SALARY, MANAGER_ID, DEPARTMENT_ID) VALUES (119, 'Karen', 'Colmenares', 'KCOLMENA', '044.127.4566', '2015-07-06', 'PU_CLERK', 2500.00, 114, 30);
INSERT INTO employees (EMPLOYEE_ID, FIRST_NAME, LAST_NAME, EMAIL, PHONE_NUMBER, HIRE_DATE, JOB_ID, SALARY, MANAGER_ID, DEPARTMENT_ID) VALUES (120, 'Matthew', 'Weiss', 'MWEISS', '053.123.1234', '2015-07-07', 'ST_MAN', 8000.00, 100, 50);
INSERT INTO employees (EMPLOYEE_ID, FIRST_NAME, LAST_NAME, EMAIL, PHONE_NUMBER, HIRE_DATE, JOB_ID, SALARY, MANAGER_ID, DEPARTMENT_ID) VALUES (121, 'Adam', 'Fripp', 'AFRIPP', '053.123.2234', '2015-07-08', 'ST_MAN', 8200.00, 100, 50);
INSERT INTO employees (EMPLOYEE_ID, FIRST_NAME, LAST_NAME, EMAIL, PHONE_NUMBER, HIRE_DATE, JOB_ID, SALARY, MANAGER_ID, DEPARTMENT_ID) VALUES (122, 'Payam', 'Kaufling', 'PKAUFLIN', '053.123.3234', '2015-07-09', 'ST_MAN', 7900.00, 100, 50);
INSERT INTO employees (EMPLOYEE_ID, FIRST_NAME, LAST_NAME, EMAIL, PHONE_NUMBER, HIRE_DATE, JOB_ID, SALARY, MANAGER_ID, DEPARTMENT_ID) VALUES (123, 'Shanta', 'Vollman', 'SVOLLMAN', '053.123.4234', '2015-07-10', 'ST_MAN', 6500.00, 100, 50);
INSERT INTO employees (EMPLOYEE_ID, FIRST_NAME, LAST_NAME, EMAIL, PHONE_NUMBER, HIRE_DATE, JOB_ID, SALARY, MANAGER_ID, DEPARTMENT_ID) VALUES (124, 'Kevin', 'Mourgos', 'KMOURGOS', '053.123.5234', '2015-07-11', 'ST_MAN', 5800.00, 100, 50);
INSERT INTO employees (EMPLOYEE_ID, FIRST_NAME, LAST_NAME, EMAIL, PHONE_NUMBER, HIRE_DATE, JOB_ID, SALARY, MANAGER_ID, DEPARTMENT_ID) VALUES (125, 'Julia', 'Nayer', 'JNAYER', '053.124.1214', '2015-07-12', 'ST_CLERK', 3200.00, 120, 50);
INSERT INTO employees (EMPLOYEE_ID, FIRST_NAME, LAST_NAME, EMAIL, PHONE_NUMBER, HIRE_DATE, JOB_ID, SALARY, MANAGER_ID, DEPARTMENT_ID) VALUES (126, 'Irene', 'Mikkilineni', 'IMIKKILI', '053.124.1224', '2015-07-13', 'ST_CLERK', 2700.00, 120, 50);
INSERT INTO employees (EMPLOYEE_ID, FIRST_NAME, LAST_NAME, EMAIL, PHONE_NUMBER, HIRE_DATE, JOB_ID, SALARY, MANAGER_ID, DEPARTMENT_ID) VALUES (127, 'James', 'Landry', 'JLANDRY', '053.124.1334', '2015-07-14', 'ST_CLERK', 2400.00, 120, 50);
INSERT INTO employees (EMPLOYEE_ID, FIRST_NAME, LAST_NAME, EMAIL, PHONE_NUMBER, HIRE_DATE, JOB_ID, SALARY, MANAGER_ID, DEPARTMENT_ID) VALUES (128, 'Steven', 'Markle', 'SMARKLE', '053.124.1434', '2015-07-15', 'ST_CLERK', 2200.00, 120, 50);
INSERT INTO employees (EMPLOYEE_ID, FIRST_NAME, LAST_NAME, EMAIL, PHONE_NUMBER, HIRE_DATE, JOB_ID, SALARY, MANAGER_ID, DEPARTMENT_ID) VALUES (129, 'Laura', 'Bissot', 'LBISSOT', '053.124.5234', '2015-07-16', 'ST_CLERK', 3300.00, 121, 50);
INSERT INTO employees (EMPLOYEE_ID, FIRST_NAME, LAST_NAME, EMAIL, PHONE_NUMBER, HIRE_DATE, JOB_ID, SALARY, MANAGER_ID, DEPARTMENT_ID) VALUES (130, 'Mozhe', 'Atkinson', 'MATKINSO', '053.124.6234', '2015-07-17', 'ST_CLERK', 2800.00, 121, 50);
INSERT INTO employees (EMPLOYEE_ID, FIRST_NAME, LAST_NAME, EMAIL, PHONE_NUMBER, HIRE_DATE, JOB_ID, SALARY, MANAGER_ID, DEPARTMENT_ID) VALUES (131, 'James', 'Marlow', 'JAMRLOW', '053.124.7234', '2015-07-18', 'ST_CLERK', 2500.00, 121, 50);
INSERT INTO employees (EMPLOYEE_ID, FIRST_NAME, LAST_NAME, EMAIL, PHONE_NUMBER, HIRE_DATE, JOB_ID, SALARY, MANAGER_ID, DEPARTMENT_ID) VALUES (132, 'TJ', 'Olson', 'TJOLSON', '053.124.8234', '2015-07-19', 'ST_CLERK', 2100.00, 121, 50);
INSERT INTO employees (EMPLOYEE_ID, FIRST_NAME, LAST_NAME, EMAIL, PHONE_NUMBER, HIRE_DATE, JOB_ID, SALARY, MANAGER_ID, DEPARTMENT_ID) VALUES (133, 'Jason', 'Mallin', 'JMALLIN', '053.127.1934', '2015-07-20', 'ST_CLERK', 3300.00, 122, 50);
INSERT INTO employees (EMPLOYEE_ID, FIRST_NAME, LAST_NAME, EMAIL, PHONE_NUMBER, HIRE_DATE, JOB_ID, SALARY, MANAGER_ID, DEPARTMENT_ID) VALUES (134, 'Michael', 'Rogers', 'MROGERS', '053.127.1834', '2015-07-21', 'ST_CLERK', 2900.00, 122, 50);
INSERT INTO employees (EMPLOYEE_ID, FIRST_NAME, LAST_NAME, EMAIL, PHONE_NUMBER, HIRE_DATE, JOB_ID, SALARY, MANAGER_ID, DEPARTMENT_ID) VALUES (135, 'Ki', 'Gee', 'KGEE', '053.127.1734', '2015-07-22', 'ST_CLERK', 2400.00, 122, 50);
INSERT INTO employees (EMPLOYEE_ID, FIRST_NAME, LAST_NAME, EMAIL, PHONE_NUMBER, HIRE_DATE, JOB_ID, SALARY, MANAGER_ID, DEPARTMENT_ID) VALUES (136, 'Hazel', 'Philtanker', 'HPHILTAN', '053.127.1634', '2015-07-23', 'ST_CLERK', 2200.00, 122, 50);
INSERT INTO employees (EMPLOYEE_ID, FIRST_NAME, LAST_NAME, EMAIL, PHONE_NUMBER, HIRE_DATE, JOB_ID, SALARY, MANAGER_ID, DEPARTMENT_ID) VALUES (137, 'Renske', 'Ladwig', 'RLADWIG', '053.121.1234', '2015-07-24', 'ST_CLERK', 3600.00, 123, 50);
INSERT INTO employees (EMPLOYEE_ID, FIRST_NAME, LAST_NAME, EMAIL, PHONE_NUMBER, HIRE_DATE, JOB_ID, SALARY, MANAGER_ID, DEPARTMENT_ID) VALUES (138, 'Stephen', 'Stiles', 'SSTILES', '053.121.2034', '2015-07-25', 'ST_CLERK', 3200.00, 123, 50);
INSERT INTO employees (EMPLOYEE_ID, FIRST_NAME, LAST_NAME, EMAIL, PHONE_NUMBER, HIRE_DATE, JOB_ID, SALARY, MANAGER_ID, DEPARTMENT_ID) VALUES (139, 'John', 'Seo', 'JSEO', '053.121.2019', '2015-07-26', 'ST_CLERK', 2700.00, 123, 50);
INSERT INTO employees (EMPLOYEE_ID, FIRST_NAME, LAST_NAME, EMAIL, PHONE_NUMBER, HIRE_DATE, JOB_ID, SALARY, MANAGER_ID, DEPARTMENT_ID) VALUES (140, 'Joshua', 'Patel', 'JPATEL', '053.121.1834', '2015-07-27', 'ST_CLERK', 2500.00, 123, 50);
INSERT INTO employees (EMPLOYEE_ID, FIRST_NAME, LAST_NAME, EMAIL, PHONE_NUMBER, HIRE_DATE, JOB_ID, SALARY, MANAGER_ID, DEPARTMENT_ID) VALUES (141, 'Trenna', 'Rajs', 'TRAJS', '053.121.8009', '2015-07-28', 'ST_CLERK', 3500.00, 124, 50);
INSERT INTO employees (EMPLOYEE_ID, FIRST_NAME, LAST_NAME, EMAIL, PHONE_NUMBER, HIRE_DATE, JOB_ID, SALARY, MANAGER_ID, DEPARTMENT_ID) VALUES (142, 'Curtis', 'Davies', 'CDAVIES', '053.121.2994', '2015-07-29', 'ST_CLERK', 3100.00, 124, 50);
INSERT INTO employees (EMPLOYEE_ID, FIRST_NAME, LAST_NAME, EMAIL, PHONE_NUMBER, HIRE_DATE, JOB_ID, SALARY, MANAGER_ID, DEPARTMENT_ID) VALUES (143, 'Randall', 'Matos', 'RMATOS', '053.121.2874', '2015-07-30', 'ST_CLERK', 2600.00, 124, 50);
INSERT INTO employees (EMPLOYEE_ID, FIRST_NAME, LAST_NAME, EMAIL, PHONE_NUMBER, HIRE_DATE, JOB_ID, SALARY, MANAGER_ID, DEPARTMENT_ID) VALUES (144, 'Peter', 'Vargas', 'PVARGAS', '053.121.2004', '2015-07-31', 'ST_CLERK', 2500.00, 124, 50);
INSERT INTO employees (EMPLOYEE_ID, FIRST_NAME, LAST_NAME, EMAIL, PHONE_NUMBER, HIRE_DATE, JOB_ID, SALARY, MANAGER_ID, DEPARTMENT_ID) VALUES (145, 'John', 'Russell', 'JRUSSEL', '079.1344.429268', '2015-08-01', 'SA_MAN', 14000.00, 100, 80);
INSERT INTO employees (EMPLOYEE_ID, FIRST_NAME, LAST_NAME, EMAIL, PHONE_NUMBER, HIRE_DATE, JOB_ID, SALARY, MANAGER_ID, DEPARTMENT_ID) VALUES (146, 'Karen', 'Partners', 'KPARTNER', '079.1344.467268', '2015-08-02', 'SA_MAN', 13500.00, 100, 80);
INSERT INTO employees (EMPLOYEE_ID, FIRST_NAME, LAST_NAME, EMAIL, PHONE_NUMBER, HIRE_DATE, JOB_ID, SALARY, MANAGER_ID, DEPARTMENT_ID) VALUES (147, 'Alberto', 'Errazuriz', 'AERRAZUR', '079.1344.429278', '2015-08-03', 'SA_MAN', 12000.00, 100, 80);
INSERT INTO employees (EMPLOYEE_ID, FIRST_NAME, LAST_NAME, EMAIL, PHONE_NUMBER, HIRE_DATE, JOB_ID, SALARY, MANAGER_ID, DEPARTMENT_ID) VALUES (148, 'Gerald', 'Cambrault', 'GCAMBRAU', '079.1344.619268', '2015-08-04', 'SA_MAN', 11000.00, 100, 80);
INSERT INTO employees (EMPLOYEE_ID, FIRST_NAME, LAST_NAME, EMAIL, PHONE_NUMBER, HIRE_DATE, JOB_ID, SALARY, MANAGER_ID, DEPARTMENT_ID) VALUES (149, 'Eleni', 'Zlotkey', 'EZLOTKEY', '079.1344.429018', '2015-08-05', 'SA_MAN', 10500.00, 100, 80);
INSERT INTO employees (EMPLOYEE_ID, FIRST_NAME, LAST_NAME, EMAIL, PHONE_NUMBER, HIRE_DATE, JOB_ID, SALARY, MANAGER_ID, DEPARTMENT_ID) VALUES (150, 'Peter', 'Tucker', 'PTUCKER', '079.1344.129268', '2015-08-06', 'SA_REP', 10000.00, 145, 80);
INSERT INTO employees (EMPLOYEE_ID, FIRST_NAME, LAST_NAME, EMAIL, PHONE_NUMBER, HIRE_DATE, JOB_ID, SALARY, MANAGER_ID, DEPARTMENT_ID) VALUES (151, 'David', 'Bernstein', 'DBERNSTE', '079.1344.345268', '2015-08-07', 'SA_REP', 9500.00, 145, 80);
INSERT INTO employees (EMPLOYEE_ID, FIRST_NAME, LAST_NAME, EMAIL, PHONE_NUMBER, HIRE_DATE, JOB_ID, SALARY, MANAGER_ID, DEPARTMENT_ID) VALUES (152, 'Peter', 'Hall', 'PHALL', '079.1344.478968', '2015-08-08', 'SA_REP', 9000.00, 145, 80);
INSERT INTO employees (EMPLOYEE_ID, FIRST_NAME, LAST_NAME, EMAIL, PHONE_NUMBER, HIRE_DATE, JOB_ID, SALARY, MANAGER_ID, DEPARTMENT_ID) VALUES (153, 'Christopher', 'Olsen', 'COLSEN', '079.1344.498718', '2015-08-09', 'SA_REP', 8000.00, 145, 80);
INSERT INTO employees (EMPLOYEE_ID, FIRST_NAME, LAST_NAME, EMAIL, PHONE_NUMBER, HIRE_DATE, JOB_ID, SALARY, MANAGER_ID, DEPARTMENT_ID) VALUES (154, 'Nanette', 'Cambrault', 'NCAMBRAU', '079.1344.987668', '2015-08-10', 'SA_REP', 7500.00, 145, 80);
INSERT INTO employees (EMPLOYEE_ID, FIRST_NAME, LAST_NAME, EMAIL, PHONE_NUMBER, HIRE_DATE, JOB_ID, SALARY, MANAGER_ID, DEPARTMENT_ID) VALUES (155, 'Oliver', 'Tuvault', 'OTUVAULT', '079.1344.486508', '2015-08-11', 'SA_REP', 7000.00, 145, 80);
INSERT INTO employees (EMPLOYEE_ID, FIRST_NAME, LAST_NAME, EMAIL, PHONE_NUMBER, HIRE_DATE, JOB_ID, SALARY, MANAGER_ID, DEPARTMENT_ID) VALUES (156, 'Janette', 'King', 'JKING', '079.1345.429268', '2015-08-12', 'SA_REP', 10000.00, 146, 80);
INSERT INTO employees (EMPLOYEE_ID, FIRST_NAME, LAST_NAME, EMAIL, PHONE_NUMBER, HIRE_DATE, JOB_ID, SALARY, MANAGER_ID, DEPARTMENT_ID) VALUES (157, 'Patrick', 'Sully', 'PSULLY', '079.1345.929268', '2015-08-13', 'SA_REP', 9500.00, 146, 80);
INSERT INTO employees (EMPLOYEE_ID, FIRST_NAME, LAST_NAME, EMAIL, PHONE_NUMBER, HIRE_DATE, JOB_ID, SALARY, MANAGER_ID, DEPARTMENT_ID) VALUES (158, 'Allan', 'McEwen', 'AMCEWEN', '079.1345.829268', '2015-08-14', 'SA_REP', 9000.00, 146, 80);
INSERT INTO employees (EMPLOYEE_ID, FIRST_NAME, LAST_NAME, EMAIL, PHONE_NUMBER, HIRE_DATE, JOB_ID, SALARY, MANAGER_ID, DEPARTMENT_ID) VALUES (159, 'Lindsey', 'Smith', 'LSMITH', '079.1345.729268', '2015-08-15', 'SA_REP', 8000.00, 146, 80);
INSERT INTO employees (EMPLOYEE_ID, FIRST_NAME, LAST_NAME, EMAIL, PHONE_NUMBER, HIRE_DATE, JOB_ID, SALARY, MANAGER_ID, DEPARTMENT_ID) VALUES (160, 'Louise', 'Doran', 'LDORAN', '079.1345.629268', '2015-08-16', 'SA_REP', 7500.00, 146, 80);
INSERT INTO employees (EMPLOYEE_ID, FIRST_NAME, LAST_NAME, EMAIL, PHONE_NUMBER, HIRE_DATE, JOB_ID, SALARY, MANAGER_ID, DEPARTMENT_ID) VALUES (161, 'Sarath', 'Sewall', 'SSEWALL', '079.1345.529268', '2015-08-17', 'SA_REP', 7000.00, 146, 80);
INSERT INTO employees (EMPLOYEE_ID, FIRST_NAME, LAST_NAME, EMAIL, PHONE_NUMBER, HIRE_DATE, JOB_ID, SALARY, MANAGER_ID, DEPARTMENT_ID) VALUES (162, 'Clara', 'Vishney', 'CVISHNEY', '079.1346.129268', '2015-08-18', 'SA_REP', 10500.00, 147, 80);
INSERT INTO employees (EMPLOYEE_ID, FIRST_NAME, LAST_NAME, EMAIL, PHONE_NUMBER, HIRE_DATE, JOB_ID, SALARY, MANAGER_ID, DEPARTMENT_ID) VALUES (163, 'Danielle', 'Greene', 'DGREENE', '079.1346.229268', '2015-08-19', 'SA_REP', 9500.00, 147, 80);
INSERT INTO employees (EMPLOYEE_ID, FIRST_NAME, LAST_NAME, EMAIL, PHONE_NUMBER, HIRE_DATE, JOB_ID, SALARY, MANAGER_ID, DEPARTMENT_ID) VALUES (164, 'Mattea', 'Marvins', 'MMARVINS', '079.1346.329268', '2015-08-20', 'SA_REP', 7200.00, 147, 80);
INSERT INTO employees (EMPLOYEE_ID, FIRST_NAME, LAST_NAME, EMAIL, PHONE_NUMBER, HIRE_DATE, JOB_ID, SALARY, MANAGER_ID, DEPARTMENT_ID) VALUES (165, 'David', 'Lee', 'DLEE', '079.1346.529268', '2015-08-21', 'SA_REP', 6800.00, 147, 80);
INSERT INTO employees (EMPLOYEE_ID, FIRST_NAME, LAST_NAME, EMAIL, PHONE_NUMBER, HIRE_DATE, JOB_ID, SALARY, MANAGER_ID, DEPARTMENT_ID) VALUES (166, 'Sundar', 'Ande', 'SANDE', '079.1346.629268', '2015-08-22', 'SA_REP', 6400.00, 147, 80);
INSERT INTO employees (EMPLOYEE_ID, FIRST_NAME, LAST_NAME, EMAIL, PHONE_NUMBER, HIRE_DATE, JOB_ID, SALARY, MANAGER_ID, DEPARTMENT_ID) VALUES (167, 'Amit', 'Banda', 'ABANDA', '079.1346.729268', '2015-08-23', 'SA_REP', 6200.00, 147, 80);
INSERT INTO employees (EMPLOYEE_ID, FIRST_NAME, LAST_NAME, EMAIL, PHONE_NUMBER, HIRE_DATE, JOB_ID, SALARY, MANAGER_ID, DEPARTMENT_ID) VALUES (168, 'Lisa', 'Ozer', 'LOZER', '079.1343.929268', '2015-08-24', 'SA_REP', 11500.00, 148, 80);
INSERT INTO employees (EMPLOYEE_ID, FIRST_NAME, LAST_NAME, EMAIL, PHONE_NUMBER, HIRE_DATE, JOB_ID, SALARY, MANAGER_ID, DEPARTMENT_ID) VALUES (169, 'Harrison', 'Bloom', 'HBLOOM', '079.1343.829268', '2015-08-25', 'SA_REP', 10000.00, 148, 80);
INSERT INTO employees (EMPLOYEE_ID, FIRST_NAME, LAST_NAME, EMAIL, PHONE_NUMBER, HIRE_DATE, JOB_ID, SALARY, MANAGER_ID, DEPARTMENT_ID) VALUES (170, 'Tayler', 'Fox', 'TFOX', '079.1343.729268', '2015-08-26', 'SA_REP', 9600.00, 148, 80);
INSERT INTO employees (EMPLOYEE_ID, FIRST_NAME, LAST_NAME, EMAIL, PHONE_NUMBER, HIRE_DATE, JOB_ID, SALARY, MANAGER_ID, DEPARTMENT_ID) VALUES (171, 'William', 'Smith', 'WSMITH', '079.1343.629268', '2015-08-27', 'SA_REP', 7400.00, 148, 80);
INSERT INTO employees (EMPLOYEE_ID, FIRST_NAME, LAST_NAME, EMAIL, PHONE_NUMBER, HIRE_DATE, JOB_ID, SALARY, MANAGER_ID, DEPARTMENT_ID) VALUES (172, 'Elizabeth', 'Bates', 'EBATES', '079.1343.529268', '2015-08-28', 'SA_REP', 7300.00, 148, 80);
INSERT INTO employees (EMPLOYEE_ID, FIRST_NAME, LAST_NAME, EMAIL, PHONE_NUMBER, HIRE_DATE, JOB_ID, SALARY, MANAGER_ID, DEPARTMENT_ID) VALUES (173, 'Sundita', 'Kumar', 'SKUMAR', '079.1343.329268', '2015-08-29', 'SA_REP', 6100.00, 148, 80);
INSERT INTO employees (EMPLOYEE_ID, FIRST_NAME, LAST_NAME, EMAIL, PHONE_NUMBER, HIRE_DATE, JOB_ID, SALARY, MANAGER_ID, DEPARTMENT_ID) VALUES (174, 'Ellen', 'Abel', 'EABEL', '079.1644.429267', '2015-08-30', 'SA_REP', 11000.00, 149, 80);
INSERT INTO employees (EMPLOYEE_ID, FIRST_NAME, LAST_NAME, EMAIL, PHONE_NUMBER, HIRE_DATE, JOB_ID, SALARY, MANAGER_ID, DEPARTMENT_ID) VALUES (175, 'Alyssa', 'Hutton', 'AHUTTON', '079.1644.429266', '2015-08-31', 'SA_REP', 8800.00, 149, 80);
INSERT INTO employees (EMPLOYEE_ID, FIRST_NAME, LAST_NAME, EMAIL, PHONE_NUMBER, HIRE_DATE, JOB_ID, SALARY, MANAGER_ID, DEPARTMENT_ID) VALUES (176, 'Jonathon', 'Taylor', 'JTAYLOR', '079.1644.429265', '2015-09-01', 'SA_REP', 8600.00, 149, 80);
INSERT INTO employees (EMPLOYEE_ID, FIRST_NAME, LAST_NAME, EMAIL, PHONE_NUMBER, HIRE_DATE, JOB_ID, SALARY, MANAGER_ID, DEPARTMENT_ID) VALUES (177, 'Jack', 'Livingston', 'JLIVINGS', '079.1644.429264', '2015-09-02', 'SA_REP', 8400.00, 149, 80);
INSERT INTO employees (EMPLOYEE_ID, FIRST_NAME, LAST_NAME, EMAIL, PHONE_NUMBER, HIRE_DATE, JOB_ID, SALARY, MANAGER_ID, DEPARTMENT_ID) VALUES (178, 'Kimberely', 'Grant', 'KGRANT', '079.1644.429263', '2015-09-03', 'SA_REP', 7000.00, 149, 0);
INSERT INTO employees (EMPLOYEE_ID, FIRST_NAME, LAST_NAME, EMAIL, PHONE_NUMBER, HIRE_DATE, JOB_ID, SALARY, MANAGER_ID, DEPARTMENT_ID) VALUES (179, 'Charles', 'Johnson', 'CJOHNSON', '079.1644.429262', '2015-09-04', 'SA_REP', 6200.00, 149, 80);
INSERT INTO employees (EMPLOYEE_ID, FIRST_NAME, LAST_NAME, EMAIL, PHONE_NUMBER, HIRE_DATE, JOB_ID, SALARY, MANAGER_ID, DEPARTMENT_ID) VALUES (180, 'Winston', 'Taylor', 'WTAYLOR', '053.507.9876', '2015-09-05', 'SH_CLERK', 3200.00, 120, 50);
INSERT INTO employees (EMPLOYEE_ID, FIRST_NAME, LAST_NAME, EMAIL, PHONE_NUMBER, HIRE_DATE, JOB_ID, SALARY, MANAGER_ID, DEPARTMENT_ID) VALUES (181, 'Jean', 'Fleaur', 'JFLEAUR', '053.507.9877', '2015-09-06', 'SH_CLERK', 3100.00, 120, 50);
INSERT INTO employees (EMPLOYEE_ID, FIRST_NAME, LAST_NAME, EMAIL, PHONE_NUMBER, HIRE_DATE, JOB_ID, SALARY, MANAGER_ID, DEPARTMENT_ID) VALUES (182, 'Martha', 'Sullivan', 'MSULLIVA', '053.507.9878', '2015-09-07', 'SH_CLERK', 2500.00, 120, 50);
INSERT INTO employees (EMPLOYEE_ID, FIRST_NAME, LAST_NAME, EMAIL, PHONE_NUMBER, HIRE_DATE, JOB_ID, SALARY, MANAGER_ID, DEPARTMENT_ID) VALUES (183, 'Girard', 'Geoni', 'GGEONI', '053.507.9879', '2015-09-08', 'SH_CLERK', 2800.00, 120, 50);
INSERT INTO employees (EMPLOYEE_ID, FIRST_NAME, LAST_NAME, EMAIL, PHONE_NUMBER, HIRE_DATE, JOB_ID, SALARY, MANAGER_ID, DEPARTMENT_ID) VALUES (184, 'Nandita', 'Sarchand', 'NSARCHAN', '053.509.1876', '2015-09-09', 'SH_CLERK', 4200.00, 121, 50);
INSERT INTO employees (EMPLOYEE_ID, FIRST_NAME, LAST_NAME, EMAIL, PHONE_NUMBER, HIRE_DATE, JOB_ID, SALARY, MANAGER_ID, DEPARTMENT_ID) VALUES (185, 'Alexis', 'Bull', 'ABULL', '053.509.2876', '2015-09-10', 'SH_CLERK', 4100.00, 121, 50);
INSERT INTO employees (EMPLOYEE_ID, FIRST_NAME, LAST_NAME, EMAIL, PHONE_NUMBER, HIRE_DATE, JOB_ID, SALARY, MANAGER_ID, DEPARTMENT_ID) VALUES (186, 'Julia', 'Dellinger', 'JDELLING', '053.509.3876', '2015-09-11', 'SH_CLERK', 3400.00, 121, 50);
INSERT INTO employees (EMPLOYEE_ID, FIRST_NAME, LAST_NAME, EMAIL, PHONE_NUMBER, HIRE_DATE, JOB_ID, SALARY, MANAGER_ID, DEPARTMENT_ID) VALUES (187, 'Anthony', 'Cabrio', 'ACABRIO', '053.509.4876', '2015-09-12', 'SH_CLERK', 3000.00, 121, 50);
INSERT INTO employees (EMPLOYEE_ID, FIRST_NAME, LAST_NAME, EMAIL, PHONE_NUMBER, HIRE_DATE, JOB_ID, SALARY, MANAGER_ID, DEPARTMENT_ID) VALUES (188, 'Kelly', 'Chung', 'KCHUNG', '053.505.1876', '2015-09-13', 'SH_CLERK', 3800.00, 122, 50);
INSERT INTO employees (EMPLOYEE_ID, FIRST_NAME, LAST_NAME, EMAIL, PHONE_NUMBER, HIRE_DATE, JOB_ID, SALARY, MANAGER_ID, DEPARTMENT_ID) VALUES (189, 'Jennifer', 'Dilly', 'JDILLY', '053.505.2876', '2015-09-14', 'SH_CLERK', 3600.00, 122, 50);
INSERT INTO employees (EMPLOYEE_ID, FIRST_NAME, LAST_NAME, EMAIL, PHONE_NUMBER, HIRE_DATE, JOB_ID, SALARY, MANAGER_ID, DEPARTMENT_ID) VALUES (190, 'Timothy', 'Gates', 'TGATES', '053.505.3876', '2015-09-15', 'SH_CLERK', 2900.00, 122, 50);
INSERT INTO employees (EMPLOYEE_ID, FIRST_NAME, LAST_NAME, EMAIL, PHONE_NUMBER, HIRE_DATE, JOB_ID, SALARY, MANAGER_ID, DEPARTMENT_ID) VALUES (191, 'Randall', 'Perkins', 'RPERKINS', '053.505.4876', '2015-09-16', 'SH_CLERK', 2500.00, 122, 50);
INSERT INTO employees (EMPLOYEE_ID, FIRST_NAME, LAST_NAME, EMAIL, PHONE_NUMBER, HIRE_DATE, JOB_ID, SALARY, MANAGER_ID, DEPARTMENT_ID) VALUES (192, 'Sarah', 'Bell', 'SBELL', '053.501.1876', '2015-09-17', 'SH_CLERK', 4000.00, 123, 50);
INSERT INTO employees (EMPLOYEE_ID, FIRST_NAME, LAST_NAME, EMAIL, PHONE_NUMBER, HIRE_DATE, JOB_ID, SALARY, MANAGER_ID, DEPARTMENT_ID) VALUES (193, 'Britney', 'Everett', 'BEVERETT', '053.501.2876', '2015-09-18', 'SH_CLERK', 3900.00, 123, 50);
INSERT INTO employees (EMPLOYEE_ID, FIRST_NAME, LAST_NAME, EMAIL, PHONE_NUMBER, HIRE_DATE, JOB_ID, SALARY, MANAGER_ID, DEPARTMENT_ID) VALUES (194, 'Samuel', 'McCain', 'SMCCAIN', '053.501.3876', '2015-09-19', 'SH_CLERK', 3200.00, 123, 50);
INSERT INTO employees (EMPLOYEE_ID, FIRST_NAME, LAST_NAME, EMAIL, PHONE_NUMBER, HIRE_DATE, JOB_ID, SALARY, MANAGER_ID, DEPARTMENT_ID) VALUES (195, 'Vance', 'Jones', 'VJONES', '053.501.4876', '2015-09-20', 'SH_CLERK', 2800.00, 123, 50);
INSERT INTO employees (EMPLOYEE_ID, FIRST_NAME, LAST_NAME, EMAIL, PHONE_NUMBER, HIRE_DATE, JOB_ID, SALARY, MANAGER_ID, DEPARTMENT_ID) VALUES (196, 'Alana', 'Walsh', 'AWALSH', '053.507.9811', '2015-09-21', 'SH_CLERK', 3100.00, 124, 50);
INSERT INTO employees (EMPLOYEE_ID, FIRST_NAME, LAST_NAME, EMAIL, PHONE_NUMBER, HIRE_DATE, JOB_ID, SALARY, MANAGER_ID, DEPARTMENT_ID) VALUES (197, 'Kevin', 'Feeney', 'KFEENEY', '053.507.9822', '2015-09-22', 'SH_CLERK', 3000.00, 124, 50);
INSERT INTO employees (EMPLOYEE_ID, FIRST_NAME, LAST_NAME, EMAIL, PHONE_NUMBER, HIRE_DATE, JOB_ID, SALARY, MANAGER_ID, DEPARTMENT_ID) VALUES (198, 'Donald', 'OConnell', 'DOCONNEL', '053.507.9833', '2015-09-23', 'SH_CLERK', 2600.00, 124, 50);
INSERT INTO employees (EMPLOYEE_ID, FIRST_NAME, LAST_NAME, EMAIL, PHONE_NUMBER, HIRE_DATE, JOB_ID, SALARY, MANAGER_ID, DEPARTMENT_ID) VALUES (199, 'Douglas', 'Grant', 'DGRANT', '053.507.9844', '2015-09-24', 'SH_CLERK', 2600.00, 124, 50);
INSERT INTO employees (EMPLOYEE_ID, FIRST_NAME, LAST_NAME, EMAIL, PHONE_NUMBER, HIRE_DATE, JOB_ID, SALARY, MANAGER_ID, DEPARTMENT_ID) VALUES (200, 'Jennifer', 'Whalen', 'JWHALEN', '044.123.4444', '2015-09-25', 'AD_ASST', 4400.00, 101, 10);
INSERT INTO employees (EMPLOYEE_ID, FIRST_NAME, LAST_NAME, EMAIL, PHONE_NUMBER, HIRE_DATE, JOB_ID, SALARY, MANAGER_ID, DEPARTMENT_ID) VALUES (201, 'Michael', 'Hartstein', 'MHARTSTE', '044.123.5555', '2015-09-26', 'MK_MAN', 13000.00, 100, 20);
INSERT INTO employees (EMPLOYEE_ID, FIRST_NAME, LAST_NAME, EMAIL, PHONE_NUMBER, HIRE_DATE, JOB_ID, SALARY, MANAGER_ID, DEPARTMENT_ID) VALUES (202, 'Pat', 'Fay', 'PFAY', '603.123.6666', '2015-09-27', 'MK_REP', 6000.00, 201, 20);
INSERT INTO employees (EMPLOYEE_ID, FIRST_NAME, LAST_NAME, EMAIL, PHONE_NUMBER, HIRE_DATE, JOB_ID, SALARY, MANAGER_ID, DEPARTMENT_ID) VALUES (203, 'Susan', 'Mavris', 'SMAVRIS', '044.123.7777', '2015-09-28', 'HR_REP', 6500.00, 101, 40);
INSERT INTO employees (EMPLOYEE_ID, FIRST_NAME, LAST_NAME, EMAIL, PHONE_NUMBER, HIRE_DATE, JOB_ID, SALARY, MANAGER_ID, DEPARTMENT_ID) VALUES (204, 'Hermann', 'Baer', 'HBAER', '044.123.8888', '2015-09-29', 'PR_REP', 10000.00, 101, 70);
INSERT INTO employees (EMPLOYEE_ID, FIRST_NAME, LAST_NAME, EMAIL, PHONE_NUMBER, HIRE_DATE, JOB_ID, SALARY, MANAGER_ID, DEPARTMENT_ID) VALUES (205, 'Shelley', 'Higgins', 'SHIGGINS', '044.123.8080', '2015-09-30', 'AC_MGR', 12000.00, 101, 110);
INSERT INTO employees (EMPLOYEE_ID, FIRST_NAME, LAST_NAME, EMAIL, PHONE_NUMBER, HIRE_DATE, JOB_ID, SALARY, MANAGER_ID, DEPARTMENT_ID) VALUES (206, 'William', 'Gietz', 'WGIETZ', '044.123.8181', '2015-10-01', 'AC_ACCOUNT', 8300.00, 205, 110);
INSERT INTO jobs (JOB_ID, JOB_TITLE, MIN_SALARY, MAX_SALARY) VALUES ('AD_PRES', 'President', 20000, 40000);
INSERT INTO jobs (JOB_ID, JOB_TITLE, MIN_SALARY, MAX_SALARY) VALUES ('AD_VP', 'Administration Vice President', 15000, 30000);
INSERT INTO jobs (JOB_ID, JOB_TITLE, MIN_SALARY, MAX_SALARY) VALUES ('AD_ASST', 'Administration Assistant', 3000, 6000);
INSERT INTO jobs (JOB_ID, JOB_TITLE, MIN_SALARY, MAX_SALARY) VALUES ('FI_MGR', 'Finance Manager', 8200, 16000);
INSERT INTO jobs (JOB_ID, JOB_TITLE, MIN_SALARY, MAX_SALARY) VALUES ('FI_ACCOUNT', 'Accountant', 4200, 9000);
INSERT INTO jobs (JOB_ID, JOB_TITLE, MIN_SALARY, MAX_SALARY) VALUES ('AC_MGR', 'Accounting Manager', 8200, 16000);
INSERT INTO jobs (JOB_ID, JOB_TITLE, MIN_SALARY, MAX_SALARY) VALUES ('AC_ACCOUNT', 'Public Accountant', 4200, 9000);
INSERT INTO jobs (JOB_ID, JOB_TITLE, MIN_SALARY, MAX_SALARY) VALUES ('SA_MAN', 'Sales Manager', 10000, 20000);
INSERT INTO jobs (JOB_ID, JOB_TITLE, MIN_SALARY, MAX_SALARY) VALUES ('SA_REP', 'Sales Representative', 6000, 12000);
INSERT INTO jobs (JOB_ID, JOB_TITLE, MIN_SALARY, MAX_SALARY) VALUES ('PU_MAN', 'Purchasing Manager', 8000, 15000);
INSERT INTO jobs (JOB_ID, JOB_TITLE, MIN_SALARY, MAX_SALARY) VALUES ('PU_CLERK', 'Purchasing Clerk', 2500, 5500);
INSERT INTO jobs (JOB_ID, JOB_TITLE, MIN_SALARY, MAX_SALARY) VALUES ('ST_MAN', 'Stock Manager', 5500, 8500);
INSERT INTO jobs (JOB_ID, JOB_TITLE, MIN_SALARY, MAX_SALARY) VALUES ('ST_CLERK', 'Stock Clerk', 2000, 5000);
INSERT INTO jobs (JOB_ID, JOB_TITLE, MIN_SALARY, MAX_SALARY) VALUES ('SH_CLERK', 'Shipping Clerk', 2500, 5500);
INSERT INTO jobs (JOB_ID, JOB_TITLE, MIN_SALARY, MAX_SALARY) VALUES ('IT_PROG', 'Programmer', 4000, 10000);
INSERT INTO jobs (JOB_ID, JOB_TITLE, MIN_SALARY, MAX_SALARY) VALUES ('MK_MAN', 'Marketing Manager', 9000, 15000);
INSERT INTO jobs (JOB_ID, JOB_TITLE, MIN_SALARY, MAX_SALARY) VALUES ('MK_REP', 'Marketing Representative', 4000, 9000);
INSERT INTO jobs (JOB_ID, JOB_TITLE, MIN_SALARY, MAX_SALARY) VALUES ('HR_REP', 'Human Resources Representative', 4000, 9000);
INSERT INTO jobs (JOB_ID, JOB_TITLE, MIN_SALARY, MAX_SALARY) VALUES ('PR_REP', 'Public Relations Representative', 4500, 10500);
INSERT INTO locations (LOCATION_ID, STREET_ADDRESS, POSTAL_CODE, CITY, STATE_PROVINCE, COUNTRY_ID) VALUES (1000, '1297 Via Cola di Rie', '989', 'Roma', '', 'IT');
INSERT INTO locations (LOCATION_ID, STREET_ADDRESS, POSTAL_CODE, CITY, STATE_PROVINCE, COUNTRY_ID) VALUES (1100, '93091 Calle della Testa', '10934', 'Venice', '', 'IT');
INSERT INTO locations (LOCATION_ID, STREET_ADDRESS, POSTAL_CODE, CITY, STATE_PROVINCE, COUNTRY_ID) VALUES (1200, '2017 Shinjuku-ku', '1689', 'Tokyo', 'Tokyo Prefecture', 'JP');
INSERT INTO locations (LOCATION_ID, STREET_ADDRESS, POSTAL_CODE, CITY, STATE_PROVINCE, COUNTRY_ID) VALUES (1300, '9450 Kamiya-cho', '6823', 'Hiroshima', '', 'JP');
INSERT INTO locations (LOCATION_ID, STREET_ADDRESS, POSTAL_CODE, CITY, STATE_PROVINCE, COUNTRY_ID) VALUES (1400, '2014 Jabberwocky Rd', '26192', 'Southlake', 'Texas', 'US');
INSERT INTO locations (LOCATION_ID, STREET_ADDRESS, POSTAL_CODE, CITY, STATE_PROVINCE, COUNTRY_ID) VALUES (1500, '2011 Interiors Blvd', '99236', 'South San Francisco', 'California', 'US');
INSERT INTO locations (LOCATION_ID, STREET_ADDRESS, POSTAL_CODE, CITY, STATE_PROVINCE, COUNTRY_ID) VALUES (1600, '2007 Zagora St', '50090', 'South Brunswick', 'New Jersey', 'US');
INSERT INTO locations (LOCATION_ID, STREET_ADDRESS, POSTAL_CODE, CITY, STATE_PROVINCE, COUNTRY_ID) VALUES (1700, '2004 Charade Rd', '98199', 'Seattle', 'Washington', 'US');
INSERT INTO locations (LOCATION_ID, STREET_ADDRESS, POSTAL_CODE, CITY, STATE_PROVINCE, COUNTRY_ID) VALUES (1800, '147 Spadina Ave', 'M5V 2L7', 'Toronto', 'Ontario', 'CA');
INSERT INTO locations (LOCATION_ID, STREET_ADDRESS, POSTAL_CODE, CITY, STATE_PROVINCE, COUNTRY_ID) VALUES (1900, '6092 Boxwood St', 'YSW 9T2', 'Whitehorse', 'Yukon', 'CA');
INSERT INTO locations (LOCATION_ID, STREET_ADDRESS, POSTAL_CODE, CITY, STATE_PROVINCE, COUNTRY_ID) VALUES (2000, '40-5-12 Laogianggen', '190518', 'Beijing', '', 'CN');
INSERT INTO locations (LOCATION_ID, STREET_ADDRESS, POSTAL_CODE, CITY, STATE_PROVINCE, COUNTRY_ID) VALUES (2100, '1298 Vileparle (E)', '490231', 'Bombay', 'Maharashtra', 'IN');
INSERT INTO locations (LOCATION_ID, STREET_ADDRESS, POSTAL_CODE, CITY, STATE_PROVINCE, COUNTRY_ID) VALUES (2200, '12-98 Victoria Street', '2901', 'Sydney', 'New South Wales', 'AU');
INSERT INTO locations (LOCATION_ID, STREET_ADDRESS, POSTAL_CODE, CITY, STATE_PROVINCE, COUNTRY_ID) VALUES (2300, '198 Clementi North', '540198', 'Singapore', '', 'SG');
INSERT INTO locations (LOCATION_ID, STREET_ADDRESS, POSTAL_CODE, CITY, STATE_PROVINCE, COUNTRY_ID) VALUES (2400, '8204 Arthur St', '', 'London', '', 'UK');
INSERT INTO locations (LOCATION_ID, STREET_ADDRESS, POSTAL_CODE, CITY, STATE_PROVINCE, COUNTRY_ID) VALUES (2500, '"Magdalen Centre', ' The Oxford ', 'OX9 9ZB', 'Oxford', 'Ox');
INSERT INTO locations (LOCATION_ID, STREET_ADDRESS, POSTAL_CODE, CITY, STATE_PROVINCE, COUNTRY_ID) VALUES (2600, '9702 Chester Road', '9629850293', 'Stretford', 'Manchester', 'UK');
INSERT INTO locations (LOCATION_ID, STREET_ADDRESS, POSTAL_CODE, CITY, STATE_PROVINCE, COUNTRY_ID) VALUES (2700, 'Schwanthalerstr. 7031', '80925', 'Munich', 'Bavaria', 'DE');
INSERT INTO locations (LOCATION_ID, STREET_ADDRESS, POSTAL_CODE, CITY, STATE_PROVINCE, COUNTRY_ID) VALUES (2800, 'Rua Frei Caneca 1360', '01307-002', 'Sao Paulo', 'Sao Paulo', 'BR');
INSERT INTO locations (LOCATION_ID, STREET_ADDRESS, POSTAL_CODE, CITY, STATE_PROVINCE, COUNTRY_ID) VALUES (2900, '20 Rue des Corps-Saints', '1730', 'Geneva', 'Geneve', 'CH');
INSERT INTO locations (LOCATION_ID, STREET_ADDRESS, POSTAL_CODE, CITY, STATE_PROVINCE, COUNTRY_ID) VALUES (3000, 'Murtenstrasse 921', '3095', 'Bern', 'BE', 'CH');
INSERT INTO locations (LOCATION_ID, STREET_ADDRESS, POSTAL_CODE, CITY, STATE_PROVINCE, COUNTRY_ID) VALUES (3100, 'Pieter Breughelstraat 837', '3029SK', 'Utrecht', 'Utrecht', 'NL');
INSERT INTO locations (LOCATION_ID, STREET_ADDRESS, POSTAL_CODE, CITY, STATE_PROVINCE, COUNTRY_ID) VALUES (3200, 'Mariano Escobedo 9991', '11932', 'Mexico City', '"Distrito Federal', '"');
/*!40101 SET CHARACTER_SET_CLIENT=@OLD_CHARACTER_SET_CLIENT */;
/*!40101 SET CHARACTER_SET_RESULTS=@OLD_CHARACTER_SET_RESULTS */;
/*!40101 SET COLLATION_CONNECTION=@OLD_COLLATION_CONNECTION */;